R1/R2 (inner/outer bubble)	R2prime/R2
3.528387564643753471e-01	nan
3.528387564643753471e-01	nan
3.528387564643753471e-01	nan
3.528387564643753471e-01	nan
3.528387564643753471e-01	nan
3.528387564643753471e-01	nan
3.528387564643753471e-01	nan
3.528387564643753471e-01	nan
3.528387564643753471e-01	nan
3.528387564643753471e-01	nan
3.528387564643753471e-01	nan
3.528387564643753471e-01	nan
